----------------------------------------------------------------------------------------------------
-- Vets
----------------------------------------------------------------------------------------------------
insert into SAMPLE_VET
(ID, NAME)
values ('0ff2af01-0864-fca9-17e3-61795c76bf26','Professor Oak');
insert into SAMPLE_VET
(ID, NAME)
values ('3d9c0a8d-fe96-dd9d-e4c8-43622a40288b', 'Professor Elm');
insert into SAMPLE_VET
(ID, NAME)
values ('89823558-4410-1ce6-bf08-e458a3635587','Professor Juniper')
----------------------------------------------------------------------------------------------------
-- Owner
----------------------------------------------------------------------------------------------------

INSERT INTO SAMPLE_OWNER (ID, NAME, ADDRESS) VALUES ('1dd854d8-b5a2-79d5-5734-2207aa949ec4', 'Jessie', 'Baker Street15');
INSERT INTO SAMPLE_OWNER (ID, NAME, ADDRESS) VALUES ('351eb2d2-c70b-3af7-109c-2b19a5929101', 'Ash', 'Miastreet 134');
INSERT INTO SAMPLE_OWNER (ID, NAME, ADDRESS) VALUES ('79fa17b9-a130-207d-5091-f79cceb9cf99', 'Brock', 'Downten Street 23');
INSERT INTO SAMPLE_OWNER (ID, NAME, ADDRESS) VALUES ('9e583379-4043-a47f-2937-133204ac86b1', 'James', 'Gardenstreet1b')

INSERT INTO SAMPLE_PET (ID, NAME, BIRTHDATE, OWNER_ID) VALUES ('098b43a9-e9a2-e6c7-be5d-10f650e3849b', 'Dewgong', '1997-08-15', '1dd854d8-b5a2-79d5-5734-2207aa949ec4');
INSERT INTO SAMPLE_PET (ID, NAME, BIRTHDATE, OWNER_ID) VALUES ('0d53e61a-d453-4060-78b0-720fd3f452e5', 'Ekans', '1997-05-04', '351eb2d2-c70b-3af7-109c-2b19a5929101');
INSERT INTO SAMPLE_PET (ID, NAME, BIRTHDATE, OWNER_ID) VALUES ('3335af73-fa3b-5045-cd3b-e15f7b758969', 'Rowlet', '1999-10-24', '9e583379-4043-a47f-2937-133204ac86b1');
INSERT INTO SAMPLE_PET (ID, NAME, BIRTHDATE, OWNER_ID) VALUES ('344b9307-a51b-1985-bdaf-098af78ab704', 'Forretress', '1997-02-01', '1dd854d8-b5a2-79d5-5734-2207aa949ec4');
INSERT INTO SAMPLE_PET (ID, NAME, BIRTHDATE, OWNER_ID) VALUES ('37df7caa-e9cd-a96b-3412-e7ce7dc58ef8', 'Staryu', '1998-01-16', '79fa17b9-a130-207d-5091-f79cceb9cf99');
INSERT INTO SAMPLE_PET (ID, NAME, BIRTHDATE, OWNER_ID) VALUES ('4100306c-49cd-0961-bfa3-c50859f1e6c4', 'Smogon', '1998-08-12', '9e583379-4043-a47f-2937-133204ac86b1');
INSERT INTO SAMPLE_PET (ID, NAME, BIRTHDATE, OWNER_ID) VALUES ('4aa6369f-d6ef-2304-6337-71e32099e60b', 'Kingler', '1998-01-17', '351eb2d2-c70b-3af7-109c-2b19a5929101');
INSERT INTO SAMPLE_PET (ID, NAME, BIRTHDATE, OWNER_ID) VALUES ('514258a9-9342-75e5-9897-d1f9a6b1ad7a', 'Cubone', '1998-09-11', '79fa17b9-a130-207d-5091-f79cceb9cf99')

INSERT INTO SAMPLE_VISIT (ID, START_DATE, END_DATE, PET_ID, VET_ID) VALUES ('034fa3d2-656c-371d-1afd-a2cea62a83d8', '2022-01-03 10:00:00', '2022-01-03 12:00:00', '098b43a9-e9a2-e6c7-be5d-10f650e3849b', '0ff2af01-0864-fca9-17e3-61795c76bf26');
INSERT INTO SAMPLE_VISIT (ID, START_DATE, END_DATE, PET_ID, VET_ID) VALUES ('05eae116-3513-38ef-1096-1c7573448df3', '2022-01-09 12:00:00', '2022-01-09 14:00:00', '0d53e61a-d453-4060-78b0-720fd3f452e5', '3d9c0a8d-fe96-dd9d-e4c8-43622a40288b');
INSERT INTO SAMPLE_VISIT (ID, START_DATE, END_DATE, PET_ID, VET_ID) VALUES ('15a29dc4-7838-25b9-6ce5-2adff4db3f85', '2022-01-08 15:00:00', '2022-01-08 16:00:00', '37df7caa-e9cd-a96b-3412-e7ce7dc58ef8', '0ff2af01-0864-fca9-17e3-61795c76bf26');
INSERT INTO SAMPLE_VISIT (ID, START_DATE, END_DATE, PET_ID, VET_ID) VALUES ('17acced1-892d-d762-a898-55d9158b2447', '2022-01-04 17:00:00', '2022-01-04 18:00:00', '098b43a9-e9a2-e6c7-be5d-10f650e3849b', '89823558-4410-1ce6-bf08-e458a3635587');
INSERT INTO SAMPLE_VISIT (ID, START_DATE, END_DATE, PET_ID, VET_ID) VALUES ('21d81dbc-e542-6561-8210-ec94aefcb2bd', '2022-01-04 13:00:00', '2022-01-04 15:00:00', '514258a9-9342-75e5-9897-d1f9a6b1ad7a', '3d9c0a8d-fe96-dd9d-e4c8-43622a40288b');
INSERT INTO SAMPLE_VISIT (ID, START_DATE, END_DATE, PET_ID, VET_ID) VALUES ('2664b794-4861-f4e0-84ef-c4aeefb60457', '2022-01-07 10:00:00', '2022-01-07 12:00:00', '4100306c-49cd-0961-bfa3-c50859f1e6c4', '89823558-4410-1ce6-bf08-e458a3635587')